{
  "scrubPine": {
    "0.100000": {
      "BBMax": [
        341.15313720703125,
        933.9437866210938,
        272.142333984375
      ],
      "BBMin": [
        -374.4841003417969,
        3.033600330352783,
        -431.85858154296875
      ],
      "NumVoxels": [
        123,
        160,
        121
      ],
      "P0": [
        -374.4841003417969,
        3.033600330352783,
        -431.85858154296875
      ],
      "P1": [
        341.15313720703125,
        3.033600330352783,
        -431.85858154296875
      ],
      "P2": [
        341.15313720703125,
        3.033600330352783,
        272.142333984375
      ],
      "P3": [
        -374.4841003417969,
        3.033600330352783,
        272.142333984375
      ],
      "P4": [
        -374.4841003417969,
        933.9437866210938,
        -431.85858154296875
      ],
      "P5": [
        341.15313720703125,
        933.9437866210938,
        -431.85858154296875
      ],
      "P6": [
        341.15313720703125,
        933.9437866210938,
        272.142333984375
      ],
      "P7": [
        -374.4841003417969,
        933.9437866210938,
        272.142333984375
      ]
    },
    "0.200000": {
      "BBMax": [
        346.9713439941406,
        933.9437866210938,
        277.9604797363281
      ],
      "BBMin": [
        -374.4841003417969,
        3.033600330352783,
        -431.85858154296875
      ],
      "NumVoxels": [
        62,
        80,
        61
      ],
      "P0": [
        -374.4841003417969,
        3.033600330352783,
        -431.85858154296875
      ],
      "P1": [
        346.9713439941406,
        3.033600330352783,
        -431.85858154296875
      ],
      "P2": [
        346.9713439941406,
        3.033600330352783,
        277.9604797363281
      ],
      "P3": [
        -374.4841003417969,
        3.033600330352783,
        277.9604797363281
      ],
      "P4": [
        -374.4841003417969,
        933.9437866210938,
        -431.85858154296875
      ],
      "P5": [
        346.9713439941406,
        933.9437866210938,
        -431.85858154296875
      ],
      "P6": [
        346.9713439941406,
        933.9437866210938,
        277.9604797363281
      ],
      "P7": [
        -374.4841003417969,
        933.9437866210938,
        277.9604797363281
      ]
    },
    "0.400000": {
      "BBMax": [
        346.9713439941406,
        933.9437866210938,
        289.5968933105469
      ],
      "BBMin": [
        -374.4841003417969,
        3.033600330352783,
        -431.85858154296875
      ],
      "NumVoxels": [
        31,
        40,
        31
      ],
      "P0": [
        -374.4841003417969,
        3.033600330352783,
        -431.85858154296875
      ],
      "P1": [
        346.9713439941406,
        3.033600330352783,
        -431.85858154296875
      ],
      "P2": [
        346.9713439941406,
        3.033600330352783,
        289.5968933105469
      ],
      "P3": [
        -374.4841003417969,
        3.033600330352783,
        289.5968933105469
      ],
      "P4": [
        -374.4841003417969,
        933.9437866210938,
        -431.85858154296875
      ],
      "P5": [
        346.9713439941406,
        933.9437866210938,
        -431.85858154296875
      ],
      "P6": [
        346.9713439941406,
        933.9437866210938,
        289.5968933105469
      ],
      "P7": [
        -374.4841003417969,
        933.9437866210938,
        289.5968933105469
      ]
    },
    "0.800000": {
      "BBMax": [
        370.24407958984375,
        933.9437866210938,
        312.86962890625
      ],
      "BBMin": [
        -374.4841003417969,
        3.033600330352783,
        -431.85858154296875
      ],
      "NumVoxels": [
        16,
        20,
        16
      ],
      "P0": [
        -374.4841003417969,
        3.033600330352783,
        -431.85858154296875
      ],
      "P1": [
        370.24407958984375,
        3.033600330352783,
        -431.85858154296875
      ],
      "P2": [
        370.24407958984375,
        3.033600330352783,
        312.86962890625
      ],
      "P3": [
        -374.4841003417969,
        3.033600330352783,
        312.86962890625
      ],
      "P4": [
        -374.4841003417969,
        933.9437866210938,
        -431.85858154296875
      ],
      "P5": [
        370.24407958984375,
        933.9437866210938,
        -431.85858154296875
      ],
      "P6": [
        370.24407958984375,
        933.9437866210938,
        312.86962890625
      ],
      "P7": [
        -374.4841003417969,
        933.9437866210938,
        312.86962890625
      ]
    },
    "1.600000": {
      "BBMax": [
        370.24407958984375,
        933.9437866210938,
        312.86962890625
      ],
      "BBMin": [
        -374.4841003417969,
        3.033600330352783,
        -431.85858154296875
      ],
      "NumVoxels": [
        8,
        10,
        8
      ],
      "P0": [
        -374.4841003417969,
        3.033600330352783,
        -431.85858154296875
      ],
      "P1": [
        370.24407958984375,
        3.033600330352783,
        -431.85858154296875
      ],
      "P2": [
        370.24407958984375,
        3.033600330352783,
        312.86962890625
      ],
      "P3": [
        -374.4841003417969,
        3.033600330352783,
        312.86962890625
      ],
      "P4": [
        -374.4841003417969,
        933.9437866210938,
        -431.85858154296875
      ],
      "P5": [
        370.24407958984375,
        933.9437866210938,
        -431.85858154296875
      ],
      "P6": [
        370.24407958984375,
        933.9437866210938,
        312.86962890625
      ],
      "P7": [
        -374.4841003417969,
        933.9437866210938,
        312.86962890625
      ]
    },
    "3.200000": {
      "BBMax": [
        370.24407958984375,
        933.9437866210938,
        312.86962890625
      ],
      "BBMin": [
        -374.4841003417969,
        3.033600330352783,
        -431.85858154296875
      ],
      "NumVoxels": [
        4,
        5,
        4
      ],
      "P0": [
        -374.4841003417969,
        3.033600330352783,
        -431.85858154296875
      ],
      "P1": [
        370.24407958984375,
        3.033600330352783,
        -431.85858154296875
      ],
      "P2": [
        370.24407958984375,
        3.033600330352783,
        312.86962890625
      ],
      "P3": [
        -374.4841003417969,
        3.033600330352783,
        312.86962890625
      ],
      "P4": [
        -374.4841003417969,
        933.9437866210938,
        -431.85858154296875
      ],
      "P5": [
        370.24407958984375,
        933.9437866210938,
        -431.85858154296875
      ],
      "P6": [
        370.24407958984375,
        933.9437866210938,
        312.86962890625
      ],
      "P7": [
        -374.4841003417969,
        933.9437866210938,
        312.86962890625
      ]
    }
  }
}