{
  "scrubPine": {
    "0.010000": {
      "BBMax": [
        341.15380859375,
        933.9437866210938,
        272.14208984375
      ],
      "BBMin": [
        -374.48388671875,
        3.033600330352783,
        -431.8583984375
      ],
      "NumVoxels": [
        123,
        160,
        121
      ],
      "P0": [
        -374.48388671875,
        3.033600330352783,
        -431.8583984375
      ],
      "P1": [
        341.15380859375,
        3.033600330352783,
        -431.8583984375
      ],
      "P2": [
        341.15380859375,
        3.033600330352783,
        272.14208984375
      ],
      "P3": [
        -374.48388671875,
        3.033600330352783,
        272.14208984375
      ],
      "P4": [
        -374.48388671875,
        933.9437866210938,
        -431.8583984375
      ],
      "P5": [
        341.15380859375,
        933.9437866210938,
        -431.8583984375
      ],
      "P6": [
        341.15380859375,
        933.9437866210938,
        272.14208984375
      ],
      "P7": [
        -374.48388671875,
        933.9437866210938,
        272.14208984375
      ]
    },
    "0.020000": {
      "BBMax": [
        346.97119140625,
        933.9437866210938,
        277.96044921875
      ],
      "BBMin": [
        -374.48388671875,
        3.033600330352783,
        -431.8583984375
      ],
      "NumVoxels": [
        62,
        80,
        61
      ],
      "P0": [
        -374.48388671875,
        3.033600330352783,
        -431.8583984375
      ],
      "P1": [
        346.97119140625,
        3.033600330352783,
        -431.8583984375
      ],
      "P2": [
        346.97119140625,
        3.033600330352783,
        277.96044921875
      ],
      "P3": [
        -374.48388671875,
        3.033600330352783,
        277.96044921875
      ],
      "P4": [
        -374.48388671875,
        933.9437866210938,
        -431.8583984375
      ],
      "P5": [
        346.97119140625,
        933.9437866210938,
        -431.8583984375
      ],
      "P6": [
        346.97119140625,
        933.9437866210938,
        277.96044921875
      ],
      "P7": [
        -374.48388671875,
        933.9437866210938,
        277.96044921875
      ]
    },
    "0.040000": {
      "BBMax": [
        346.97119140625,
        933.9437866210938,
        289.5966796875
      ],
      "BBMin": [
        -374.48388671875,
        3.033600330352783,
        -431.8583984375
      ],
      "NumVoxels": [
        31,
        40,
        31
      ],
      "P0": [
        -374.48388671875,
        3.033600330352783,
        -431.8583984375
      ],
      "P1": [
        346.97119140625,
        3.033600330352783,
        -431.8583984375
      ],
      "P2": [
        346.97119140625,
        3.033600330352783,
        289.5966796875
      ],
      "P3": [
        -374.48388671875,
        3.033600330352783,
        289.5966796875
      ],
      "P4": [
        -374.48388671875,
        933.9437866210938,
        -431.8583984375
      ],
      "P5": [
        346.97119140625,
        933.9437866210938,
        -431.8583984375
      ],
      "P6": [
        346.97119140625,
        933.9437866210938,
        289.5966796875
      ],
      "P7": [
        -374.48388671875,
        933.9437866210938,
        289.5966796875
      ]
    },
    "0.080000": {
      "BBMax": [
        370.244140625,
        933.9437866210938,
        312.86962890625
      ],
      "BBMin": [
        -374.48388671875,
        3.033600330352783,
        -431.8583984375
      ],
      "NumVoxels": [
        16,
        20,
        16
      ],
      "P0": [
        -374.48388671875,
        3.033600330352783,
        -431.8583984375
      ],
      "P1": [
        370.244140625,
        3.033600330352783,
        -431.8583984375
      ],
      "P2": [
        370.244140625,
        3.033600330352783,
        312.86962890625
      ],
      "P3": [
        -374.48388671875,
        3.033600330352783,
        312.86962890625
      ],
      "P4": [
        -374.48388671875,
        933.9437866210938,
        -431.8583984375
      ],
      "P5": [
        370.244140625,
        933.9437866210938,
        -431.8583984375
      ],
      "P6": [
        370.244140625,
        933.9437866210938,
        312.86962890625
      ],
      "P7": [
        -374.48388671875,
        933.9437866210938,
        312.86962890625
      ]
    },
    "0.160000": {
      "BBMax": [
        370.244140625,
        933.9437866210938,
        312.86962890625
      ],
      "BBMin": [
        -374.48388671875,
        3.033600330352783,
        -431.8583984375
      ],
      "NumVoxels": [
        8,
        10,
        8
      ],
      "P0": [
        -374.48388671875,
        3.033600330352783,
        -431.8583984375
      ],
      "P1": [
        370.244140625,
        3.033600330352783,
        -431.8583984375
      ],
      "P2": [
        370.244140625,
        3.033600330352783,
        312.86962890625
      ],
      "P3": [
        -374.48388671875,
        3.033600330352783,
        312.86962890625
      ],
      "P4": [
        -374.48388671875,
        933.9437866210938,
        -431.8583984375
      ],
      "P5": [
        370.244140625,
        933.9437866210938,
        -431.8583984375
      ],
      "P6": [
        370.244140625,
        933.9437866210938,
        312.86962890625
      ],
      "P7": [
        -374.48388671875,
        933.9437866210938,
        312.86962890625
      ]
    },
    "0.320000": {
      "BBMax": [
        370.244140625,
        933.9437866210938,
        312.86962890625
      ],
      "BBMin": [
        -374.48388671875,
        3.033600330352783,
        -431.8583984375
      ],
      "NumVoxels": [
        4,
        5,
        4
      ],
      "P0": [
        -374.48388671875,
        3.033600330352783,
        -431.8583984375
      ],
      "P1": [
        370.244140625,
        3.033600330352783,
        -431.8583984375
      ],
      "P2": [
        370.244140625,
        3.033600330352783,
        312.86962890625
      ],
      "P3": [
        -374.48388671875,
        3.033600330352783,
        312.86962890625
      ],
      "P4": [
        -374.48388671875,
        933.9437866210938,
        -431.8583984375
      ],
      "P5": [
        370.244140625,
        933.9437866210938,
        -431.8583984375
      ],
      "P6": [
        370.244140625,
        933.9437866210938,
        312.86962890625
      ],
      "P7": [
        -374.48388671875,
        933.9437866210938,
        312.86962890625
      ]
    }
  }
}