{
  "AL05a": {
    "0.100000": {
      "BBMax": [
        128.37606811523438,
        296.9570007324219,
        125.60206604003906
      ],
      "BBMin": [
        -129.97898864746094,
        -62.448204040527344,
        -136.92001342773438
      ],
      "NumVoxels": [
        248,
        345,
        252
      ],
      "P0": [
        -129.97898864746094,
        -62.448204040527344,
        -136.92001342773438
      ],
      "P1": [
        128.37606811523438,
        -62.448204040527344,
        -136.92001342773438
      ],
      "P2": [
        128.37606811523438,
        -62.448204040527344,
        125.60206604003906
      ],
      "P3": [
        -129.97898864746094,
        -62.448204040527344,
        125.60206604003906
      ],
      "P4": [
        -129.97898864746094,
        296.9570007324219,
        -136.92001342773438
      ],
      "P5": [
        128.37606811523438,
        296.9570007324219,
        -136.92001342773438
      ],
      "P6": [
        128.37606811523438,
        296.9570007324219,
        125.60206604003906
      ],
      "P7": [
        -129.97898864746094,
        296.9570007324219,
        125.60206604003906
      ]
    },
    "0.200000": {
      "BBMax": [
        128.37606811523438,
        297.998779296875,
        125.60206604003906
      ],
      "BBMin": [
        -129.97898864746094,
        -62.448204040527344,
        -136.92001342773438
      ],
      "NumVoxels": [
        124,
        173,
        126
      ],
      "P0": [
        -129.97898864746094,
        -62.448204040527344,
        -136.92001342773438
      ],
      "P1": [
        128.37606811523438,
        -62.448204040527344,
        -136.92001342773438
      ],
      "P2": [
        128.37606811523438,
        -62.448204040527344,
        125.60206604003906
      ],
      "P3": [
        -129.97898864746094,
        -62.448204040527344,
        125.60206604003906
      ],
      "P4": [
        -129.97898864746094,
        297.998779296875,
        -136.92001342773438
      ],
      "P5": [
        128.37606811523438,
        297.998779296875,
        -136.92001342773438
      ],
      "P6": [
        128.37606811523438,
        297.998779296875,
        125.60206604003906
      ],
      "P7": [
        -129.97898864746094,
        297.998779296875,
        125.60206604003906
      ]
    },
    "0.400000": {
      "BBMax": [
        128.37606811523438,
        300.082275390625,
        125.60206604003906
      ],
      "BBMin": [
        -129.97898864746094,
        -62.448204040527344,
        -136.92001342773438
      ],
      "NumVoxels": [
        62,
        87,
        63
      ],
      "P0": [
        -129.97898864746094,
        -62.448204040527344,
        -136.92001342773438
      ],
      "P1": [
        128.37606811523438,
        -62.448204040527344,
        -136.92001342773438
      ],
      "P2": [
        128.37606811523438,
        -62.448204040527344,
        125.60206604003906
      ],
      "P3": [
        -129.97898864746094,
        -62.448204040527344,
        125.60206604003906
      ],
      "P4": [
        -129.97898864746094,
        300.082275390625,
        -136.92001342773438
      ],
      "P5": [
        128.37606811523438,
        300.082275390625,
        -136.92001342773438
      ],
      "P6": [
        128.37606811523438,
        300.082275390625,
        125.60206604003906
      ],
      "P7": [
        -129.97898864746094,
        300.082275390625,
        125.60206604003906
      ]
    },
    "0.800000": {
      "BBMax": [
        128.37606811523438,
        304.2492980957031,
        129.76907348632813
      ],
      "BBMin": [
        -129.97898864746094,
        -62.448204040527344,
        -136.92001342773438
      ],
      "NumVoxels": [
        31,
        44,
        32
      ],
      "P0": [
        -129.97898864746094,
        -62.448204040527344,
        -136.92001342773438
      ],
      "P1": [
        128.37606811523438,
        -62.448204040527344,
        -136.92001342773438
      ],
      "P2": [
        128.37606811523438,
        -62.448204040527344,
        129.76907348632813
      ],
      "P3": [
        -129.97898864746094,
        -62.448204040527344,
        129.76907348632813
      ],
      "P4": [
        -129.97898864746094,
        304.2492980957031,
        -136.92001342773438
      ],
      "P5": [
        128.37606811523438,
        304.2492980957031,
        -136.92001342773438
      ],
      "P6": [
        128.37606811523438,
        304.2492980957031,
        129.76907348632813
      ],
      "P7": [
        -129.97898864746094,
        304.2492980957031,
        129.76907348632813
      ]
    },
    "1.600000": {
      "BBMax": [
        136.7100830078125,
        304.2492980957031,
        129.76907348632813
      ],
      "BBMin": [
        -129.97898864746094,
        -62.448204040527344,
        -136.92001342773438
      ],
      "NumVoxels": [
        16,
        22,
        16
      ],
      "P0": [
        -129.97898864746094,
        -62.448204040527344,
        -136.92001342773438
      ],
      "P1": [
        136.7100830078125,
        -62.448204040527344,
        -136.92001342773438
      ],
      "P2": [
        136.7100830078125,
        -62.448204040527344,
        129.76907348632813
      ],
      "P3": [
        -129.97898864746094,
        -62.448204040527344,
        129.76907348632813
      ],
      "P4": [
        -129.97898864746094,
        304.2492980957031,
        -136.92001342773438
      ],
      "P5": [
        136.7100830078125,
        304.2492980957031,
        -136.92001342773438
      ],
      "P6": [
        136.7100830078125,
        304.2492980957031,
        129.76907348632813
      ],
      "P7": [
        -129.97898864746094,
        304.2492980957031,
        129.76907348632813
      ]
    },
    "3.200000": {
      "BBMax": [
        136.7100830078125,
        304.2492980957031,
        129.76907348632813
      ],
      "BBMin": [
        -129.97898864746094,
        -62.448204040527344,
        -136.92001342773438
      ],
      "NumVoxels": [
        8,
        11,
        8
      ],
      "P0": [
        -129.97898864746094,
        -62.448204040527344,
        -136.92001342773438
      ],
      "P1": [
        136.7100830078125,
        -62.448204040527344,
        -136.92001342773438
      ],
      "P2": [
        136.7100830078125,
        -62.448204040527344,
        129.76907348632813
      ],
      "P3": [
        -129.97898864746094,
        -62.448204040527344,
        129.76907348632813
      ],
      "P4": [
        -129.97898864746094,
        304.2492980957031,
        -136.92001342773438
      ],
      "P5": [
        136.7100830078125,
        304.2492980957031,
        -136.92001342773438
      ],
      "P6": [
        136.7100830078125,
        304.2492980957031,
        129.76907348632813
      ],
      "P7": [
        -129.97898864746094,
        304.2492980957031,
        129.76907348632813
      ]
    }
  },
  "scrubPine": {
    "0.010000": {
      "BBMax": [
        341.153076171875,
        933.9437866210938,
        272.14227294921875
      ],
      "BBMin": [
        -374.484130859375,
        3.033600330352783,
        -431.8585205078125
      ],
      "NumVoxels": [
        123,
        160,
        121
      ],
      "P0": [
        -374.484130859375,
        3.033600330352783,
        -431.8585205078125
      ],
      "P1": [
        341.153076171875,
        3.033600330352783,
        -431.8585205078125
      ],
      "P2": [
        341.153076171875,
        3.033600330352783,
        272.14227294921875
      ],
      "P3": [
        -374.484130859375,
        3.033600330352783,
        272.14227294921875
      ],
      "P4": [
        -374.484130859375,
        933.9437866210938,
        -431.8585205078125
      ],
      "P5": [
        341.153076171875,
        933.9437866210938,
        -431.8585205078125
      ],